                  epoch,         train/box_loss,         train/cls_loss,         train/dfl_loss,   metrics/precision(B),      metrics/recall(B),       metrics/mAP50(B),    metrics/mAP50-95(B),           val/box_loss,           val/cls_loss,           val/dfl_loss,                 lr/pg0,                 lr/pg1,                 lr/pg2
                      1,                0.60132,                 0.5926,                 1.0031,                0.91095,                0.88079,                0.95128,                0.76622,                0.88381,                0.57684,                 1.0625,             0.00010983,             0.00010983,             0.00010983
                      2,                0.58375,                0.52979,                0.99425,                0.92508,                0.85846,                0.94504,                0.75859,                0.88258,                0.54579,                 1.0595,             0.00021996,             0.00021996,             0.00021996
                      3,                0.57765,                0.52389,                0.98958,                  0.927,                0.87971,                0.93055,                0.75863,                0.86803,                0.56881,                 1.0516,              0.0003292,              0.0003292,              0.0003292
                      4,                0.56729,                0.52346,                0.99215,                0.92689,                0.87252,                0.92949,                 0.7611,                0.83019,                0.57741,                  1.035,             0.00032904,             0.00032904,             0.00032904
                      5,                0.55308,                0.50442,                0.98234,                0.93794,                0.88979,                0.93701,                0.76566,                0.84394,                0.53019,                 1.0407,             0.00032773,             0.00032773,             0.00032773
                      6,                0.57179,                0.51058,                0.98867,                0.92641,                0.86043,                 0.9354,                0.75273,                0.90375,                0.56778,                 1.0587,             0.00032641,             0.00032641,             0.00032641
                      7,                0.55462,                0.50213,                0.98579,                0.92221,                0.87457,                 0.9441,                0.76137,                0.88433,                0.57632,                 1.0589,             0.00032509,             0.00032509,             0.00032509
                      8,                0.54365,                0.49264,                0.98472,                0.93105,                0.88607,                0.93716,                0.75635,                0.91946,                0.57594,                 1.0897,             0.00032377,             0.00032377,             0.00032377
                      9,                0.55537,                0.49206,                0.98607,                0.92032,                0.86346,                0.91918,                0.76026,                 0.8001,                0.53231,                 1.0104,             0.00032245,             0.00032245,             0.00032245
                     10,                 0.5445,                 0.4809,                0.98324,                0.88056,                0.89576,                0.92208,                0.74984,                0.84966,                0.52994,                 1.0481,             0.00032113,             0.00032113,             0.00032113
                     11,                0.55023,                 0.4879,                0.98047,                0.89727,                0.87737,                0.94617,                0.78202,                0.83863,                0.56735,                 1.0378,             0.00031981,             0.00031981,             0.00031981
                     12,                 0.5479,                0.47556,                0.98438,                0.93634,                0.88559,                0.95134,                0.77747,                0.85831,                0.51161,                 1.0455,             0.00031849,             0.00031849,             0.00031849
                     13,                0.53391,                0.46791,                0.97528,                0.92222,                0.88103,                0.93919,                0.76868,                0.85752,                0.57767,                 1.0447,             0.00031718,             0.00031718,             0.00031718
                     14,                0.53558,                0.46555,                0.97511,                0.94417,                0.86584,                0.94412,                 0.7792,                0.82531,                0.51387,                 1.0205,             0.00031586,             0.00031586,             0.00031586
                     15,                0.53787,                0.46355,                0.97458,                0.90162,                 0.8824,                0.94421,                0.75983,                0.92635,                0.58434,                 1.0886,             0.00031454,             0.00031454,             0.00031454
                     16,                 0.5399,                0.45579,                0.97612,                0.94362,                0.86655,                0.94857,                0.76679,                0.89918,                0.53823,                  1.067,             0.00031322,             0.00031322,             0.00031322
                     17,                0.52115,                0.45293,                0.96583,                0.91855,                0.83929,                0.94027,                0.76784,                0.86605,                0.60771,                 1.0607,              0.0003119,              0.0003119,              0.0003119
                     18,                0.53503,                0.44886,                0.97559,                 0.9012,                0.85009,                0.93821,                0.78111,                0.80747,                0.56974,                 1.0202,             0.00031058,             0.00031058,             0.00031058
                     19,                0.53959,                 0.4676,                0.97565,                 0.9176,                0.86198,                0.94427,                0.76802,                0.86143,                0.56449,                 1.0434,             0.00030926,             0.00030926,             0.00030926
                     20,                0.53334,                0.45395,                0.97133,                0.94821,                0.86982,                0.94265,                0.77774,                0.81564,                0.50547,                 1.0243,             0.00030795,             0.00030795,             0.00030795
                     21,                0.52478,                0.44371,                0.97105,                0.93484,                0.85103,                0.93809,                 0.7658,                0.86985,                0.57625,                 1.0536,             0.00030663,             0.00030663,             0.00030663
                     22,                0.52372,                0.46118,                0.97567,                 0.9287,                0.84638,                0.94231,                0.77844,                0.81319,                0.55425,                 1.0259,             0.00030531,             0.00030531,             0.00030531
                     23,                0.52712,                 0.4489,                0.96819,                0.89909,                0.87938,                0.94617,                0.77057,                0.84295,                0.57081,                 1.0337,             0.00030399,             0.00030399,             0.00030399
                     24,                0.51098,                0.43313,                0.96207,                0.87462,                0.88101,                0.94791,                0.78755,                0.83331,                0.54052,                 1.0246,             0.00030267,             0.00030267,             0.00030267
                     25,                0.51798,                0.43629,                 0.9635,                0.92754,                0.85938,                0.95275,                0.79079,                0.80059,                0.53437,                0.99913,             0.00030135,             0.00030135,             0.00030135
                     26,                0.50723,                0.43344,                0.96513,                0.92149,                0.88042,                0.95886,                0.78508,                0.83505,                0.52783,                 1.0329,             0.00030003,             0.00030003,             0.00030003
                     27,                0.50413,                0.43089,                0.95758,                0.92091,                0.87777,                0.93537,                0.77273,                 0.8547,                0.53797,                 1.0369,             0.00029871,             0.00029871,             0.00029871
                     28,                0.49948,                0.41567,                0.96237,                0.93962,                0.88452,                0.94565,                0.78528,                0.81178,                0.51308,                 1.0201,              0.0002974,              0.0002974,              0.0002974
                     29,                0.50658,                0.43209,                0.96555,                0.92862,                0.87722,                0.94243,                0.77777,                0.83114,                0.54212,                 1.0275,             0.00029608,             0.00029608,             0.00029608
                     30,                0.50541,                0.42272,                0.96067,                0.93121,                0.86389,                0.93908,                0.77046,                 0.8366,                 0.5578,                 1.0402,             0.00029476,             0.00029476,             0.00029476
                     31,                0.50904,                0.42694,                0.96374,                  0.913,                0.86365,                 0.9514,                0.77469,                0.85473,                0.56454,                 1.0402,             0.00029344,             0.00029344,             0.00029344
                     32,                 0.5085,                0.42292,                0.96469,                0.85555,                0.87407,                0.92066,                0.77155,                0.79553,                0.61829,                0.99449,             0.00029212,             0.00029212,             0.00029212
                     33,                0.50247,                0.42628,                0.96816,                0.90864,                0.85374,                0.92074,                0.74691,                0.84658,                0.62475,                 1.0253,              0.0002908,              0.0002908,              0.0002908
                     34,                0.50652,                0.42479,                 0.9647,                0.92851,                0.87846,                0.94233,                0.77059,                0.84253,                0.58317,                 1.0411,             0.00028948,             0.00028948,             0.00028948
                     35,                0.50082,                0.41749,                0.96454,                0.90581,                0.86801,                0.92872,                 0.7585,                0.84855,                0.60976,                 1.0248,             0.00028816,             0.00028816,             0.00028816
                     36,                0.50513,                0.41548,                0.96091,                0.88314,                0.87672,                0.92934,                0.77679,                0.77988,                0.57166,                0.99217,             0.00028685,             0.00028685,             0.00028685
                     37,                0.48639,                0.40018,                0.95679,                0.92623,                0.84977,                0.94867,                0.79322,                 0.7729,                0.52691,                0.98969,             0.00028553,             0.00028553,             0.00028553
                     38,                0.49086,                0.40676,                0.95614,                0.91018,                0.86614,                0.93761,                0.75372,                0.88123,                0.59573,                 1.0628,             0.00028421,             0.00028421,             0.00028421
                     39,                0.49428,                0.39768,                 0.9586,                0.90006,                  0.877,                0.94915,                0.77874,                0.83235,                0.55395,                  1.029,             0.00028289,             0.00028289,             0.00028289
                     40,                 0.4958,                0.41274,                0.96412,                0.94035,                0.86511,                0.96019,                0.79634,                0.80418,                0.50965,                 1.0161,             0.00028157,             0.00028157,             0.00028157
                     41,                0.50627,                0.41364,                0.96968,                0.93704,                0.86724,                0.93263,                0.76447,                0.85268,                0.56865,                 1.0412,             0.00028025,             0.00028025,             0.00028025
                     42,                0.49278,                0.40431,                0.95723,                0.91083,                0.85213,                0.92599,                0.76994,                0.79968,                0.61162,                 1.0166,             0.00027893,             0.00027893,             0.00027893
                     43,                 0.5104,                0.41902,                0.96281,                0.91615,                0.86606,                 0.9382,                0.79459,                0.73957,                0.54641,                0.98219,             0.00027762,             0.00027762,             0.00027762
                     44,                0.52111,                0.43723,                0.96712,                0.90339,                0.86483,                0.93599,                0.76638,                0.84927,                0.58396,                 1.0461,              0.0002763,              0.0002763,              0.0002763
                     45,                0.52775,                0.43856,                0.97512,                0.89946,                0.86879,                0.94864,                0.78951,                0.78604,                0.54655,                 1.0199,             0.00027498,             0.00027498,             0.00027498
                     46,                0.52241,                0.44056,                0.96928,                0.91771,                0.84632,                0.93009,                0.76507,                 0.8201,                0.57452,                 1.0329,             0.00027366,             0.00027366,             0.00027366
                     47,                0.51654,                0.43637,                0.97361,                0.87426,                0.88962,                0.93874,                0.77532,                0.82065,                0.53892,                 1.0208,             0.00027234,             0.00027234,             0.00027234
                     48,                 0.5196,                0.44157,                0.97489,                0.93161,                0.85868,                0.93983,                0.77761,                0.81086,                0.55116,                 1.0185,             0.00027102,             0.00027102,             0.00027102
                     49,                0.52578,                0.43839,                0.97204,                0.92521,                0.86334,                0.93847,                0.75723,                0.87338,                0.58845,                 1.0549,              0.0002697,              0.0002697,              0.0002697
                     50,                0.51719,                0.43606,                0.97091,                0.94186,                0.85951,                0.94234,                0.77391,                0.82189,                0.59171,                 1.0195,             0.00026838,             0.00026838,             0.00026838
                     51,                0.50409,                0.43149,                0.96589,                0.94212,                 0.8747,                0.94993,                 0.7734,                0.86959,                0.56757,                   1.07,             0.00026707,             0.00026707,             0.00026707
                     52,                 0.5113,                0.42608,                0.96529,                 0.9235,                0.86078,                0.94158,                0.77189,                0.83843,                0.58157,                 1.0426,             0.00026575,             0.00026575,             0.00026575
                     53,                 0.5138,                0.43845,                 0.9669,                 0.9211,                0.85938,                0.93135,                0.75458,                0.86738,                0.58186,                 1.0435,             0.00026443,             0.00026443,             0.00026443
                     54,                0.51728,                0.42886,                0.96765,                0.94142,                0.87088,                0.94595,                0.79421,                 0.7582,                0.50581,                0.98518,             0.00026311,             0.00026311,             0.00026311
                     55,                0.49961,                 0.4255,                0.96225,                 0.9371,                0.85652,                0.95237,                0.78431,                0.81324,                0.55127,                 1.0261,             0.00026179,             0.00026179,             0.00026179
                     56,                0.52184,                0.42897,                0.97308,                0.92798,                0.87796,                0.94112,                0.76907,                0.83591,                0.57978,                 1.0466,             0.00026047,             0.00026047,             0.00026047
                     57,                0.51623,                0.41955,                0.96971,                0.92342,                0.86316,                0.94529,                0.77811,                0.79975,                0.54789,                 1.0049,             0.00025915,             0.00025915,             0.00025915
                     58,                0.51661,                0.42167,                0.96462,                0.91766,                0.86238,                0.93391,                0.76219,                 0.8141,                0.56837,                 1.0308,             0.00025784,             0.00025784,             0.00025784
                     59,                0.49945,                0.42081,                0.96026,                0.92942,                0.87105,                0.92861,                0.75162,                0.85354,                0.60095,                 1.0471,             0.00025652,             0.00025652,             0.00025652
                     60,                0.51495,                 0.4216,                0.96652,                0.90917,                0.86943,                0.94576,                0.77655,                0.83125,                0.52972,                  1.047,              0.0002552,              0.0002552,              0.0002552
                     61,                0.50468,                0.41543,                0.96405,                0.91631,                0.87279,                0.94666,                0.77558,                0.83215,                0.56737,                 1.0509,             0.00025388,             0.00025388,             0.00025388
                     62,                 0.5045,                0.40246,                0.96401,                0.91811,                0.85424,                0.92678,                0.76776,                 0.8079,                0.58591,                 1.0269,             0.00025256,             0.00025256,             0.00025256
                     63,                0.50379,                0.42349,                0.96073,                0.91721,                0.86855,                0.94548,                 0.7769,                0.83518,                0.54866,                 1.0414,             0.00025124,             0.00025124,             0.00025124
                     64,                  0.498,                0.41142,                0.95641,                0.93524,                0.86039,                0.93681,                0.76654,                0.81734,                0.54908,                 1.0473,             0.00024992,             0.00024992,             0.00024992
                     65,                0.50859,                0.41227,                0.96463,                0.93216,                0.86599,                0.93726,                0.78051,                0.80713,                0.54319,                 1.0254,              0.0002486,              0.0002486,              0.0002486
                     66,                0.50625,                0.40664,                0.96376,                 0.9321,                0.86821,                0.93438,                0.76005,                0.85511,                0.56466,                 1.0517,             0.00024729,             0.00024729,             0.00024729
                     67,                0.51066,                0.41643,                0.97113,                0.94351,                0.86512,                0.93265,                0.77031,                0.83885,                0.55623,                  1.036,             0.00024597,             0.00024597,             0.00024597
                     68,                0.49466,                0.41602,                0.96274,                0.93951,                0.87224,                0.94648,                0.76717,                0.87273,                0.54654,                 1.0608,             0.00024465,             0.00024465,             0.00024465
                     69,                0.47931,                0.40342,                0.95373,                0.90874,                0.88161,                0.93828,                0.78977,                 0.7683,                0.55395,                 0.9969,             0.00024333,             0.00024333,             0.00024333
                     70,                0.50346,                0.41528,                0.96724,                0.92878,                 0.8489,                0.92413,                 0.7598,                0.82851,                0.58832,                  1.036,             0.00024201,             0.00024201,             0.00024201
                     71,                0.48977,                0.39383,                0.95221,                0.91475,                0.85268,                0.92773,                0.75281,                0.86073,                0.59404,                 1.0526,             0.00024069,             0.00024069,             0.00024069
                     72,                0.50502,                0.41117,                0.95911,                0.92024,                0.85204,                0.93016,                0.77088,                0.79653,                 0.5641,                 1.0248,             0.00023937,             0.00023937,             0.00023937
                     73,                0.50061,                0.41184,                 0.9643,                0.92315,                0.85923,                0.93359,                0.75667,                0.85701,                0.58927,                 1.0437,             0.00023806,             0.00023806,             0.00023806
                     74,                0.49604,                0.39552,                0.95688,                0.94252,                0.85363,                0.92773,                0.78185,                0.76145,                0.57418,                 0.9872,             0.00023674,             0.00023674,             0.00023674
                     75,                0.50293,                0.38769,                0.95872,                0.91566,                0.85483,                0.93261,                0.77057,                0.81724,                0.57482,                 1.0247,             0.00023542,             0.00023542,             0.00023542
                     76,                0.49793,                0.39994,                0.95812,                0.93416,                0.87006,                0.93548,                0.77361,                0.80105,                0.56914,                 1.0168,              0.0002341,              0.0002341,              0.0002341
                     77,                0.49697,                0.40129,                0.95896,                0.92339,                0.87638,                0.93203,                0.76383,                 0.8412,                0.57167,                 1.0512,             0.00023278,             0.00023278,             0.00023278
                     78,                0.49768,                0.41197,                0.96539,                0.91869,                0.88002,                0.93233,                0.77526,                0.79244,                0.55273,                 1.0139,             0.00023146,             0.00023146,             0.00023146
                     79,                0.48555,                0.39406,                0.96096,                0.91804,                0.87022,                 0.9321,                0.76992,                0.82662,                0.56982,                  1.028,             0.00023014,             0.00023014,             0.00023014
                     80,                0.49588,                0.39427,                0.95479,                0.92983,                0.85019,                0.93881,                0.77974,                0.81462,                0.55753,                 1.0238,             0.00022882,             0.00022882,             0.00022882
                     81,                  0.493,                0.39652,                0.95807,                0.93367,                0.87004,                0.93995,                0.78288,                0.81603,                0.53761,                 1.0304,             0.00022751,             0.00022751,             0.00022751
                     82,                0.48164,                0.38262,                0.95719,                0.93062,                0.86372,                0.94561,                0.78291,                 0.8246,                0.54238,                 1.0312,             0.00022619,             0.00022619,             0.00022619
                     83,                0.48656,                0.37756,                0.95984,                0.93775,                0.84352,                0.93229,                0.76312,                0.83876,                0.60226,                 1.0395,             0.00022487,             0.00022487,             0.00022487
                     84,                0.48444,                0.39697,                0.95633,                0.92313,                0.84272,                0.92977,                0.77425,                0.80209,                0.59579,                 1.0111,             0.00022355,             0.00022355,             0.00022355
                     85,                0.48268,                0.38532,                0.94806,                0.94507,                0.85179,                0.93967,                0.77802,                0.80838,                0.54998,                 1.0227,             0.00022223,             0.00022223,             0.00022223
                     86,                0.49435,                0.40256,                0.95966,                0.92498,                0.85263,                 0.9468,                0.77541,                0.84292,                0.55182,                 1.0383,             0.00022091,             0.00022091,             0.00022091
                     87,                0.49563,                0.38834,                0.95994,                0.92543,                0.87449,                0.95168,                0.80078,                0.79142,                0.54656,                 1.0132,             0.00021959,             0.00021959,             0.00021959
                     88,                0.48347,                0.38188,                0.95369,                0.93281,                0.86262,                0.93773,                0.77409,                0.83697,                0.54168,                 1.0401,             0.00021827,             0.00021827,             0.00021827
                     89,                 0.4835,                0.39117,                0.95285,                 0.9029,                0.87653,                0.93264,                0.76379,                0.84345,                0.56486,                 1.0436,             0.00021696,             0.00021696,             0.00021696
                     90,                0.48216,                0.38167,                0.95265,                0.93338,                0.86029,                0.93672,                0.77538,                0.81254,                0.56085,                 1.0157,             0.00021564,             0.00021564,             0.00021564
                     91,                0.48598,                0.39137,                0.95535,                0.91862,                0.85712,                0.93769,                0.77295,                0.84371,                0.54828,                 1.0471,             0.00021432,             0.00021432,             0.00021432
                     92,                0.47505,                0.39475,                0.95536,                0.90669,                0.86163,                0.92848,                0.76823,                0.82567,                0.56042,                 1.0217,               0.000213,               0.000213,               0.000213
                     93,                0.47396,                0.37104,                0.95209,                0.92209,                0.83768,                0.93519,                0.77596,                0.81253,                0.56298,                 1.0286,             0.00021168,             0.00021168,             0.00021168
                     94,                0.48214,                0.38537,                0.96074,                0.89742,                0.84274,                0.93199,                 0.7641,                0.85049,                0.57866,                 1.0549,             0.00021036,             0.00021036,             0.00021036
                     95,                0.47703,                 0.3703,                0.95505,                0.93242,                0.82839,                0.92547,                0.78205,                0.75173,                0.56542,                0.98062,             0.00020904,             0.00020904,             0.00020904
                     96,                0.46973,                0.37346,                0.94852,                0.90857,                0.87064,                0.92983,                0.77332,                0.82673,                0.56176,                 1.0224,             0.00020773,             0.00020773,             0.00020773
                     97,                0.47266,                0.37869,                0.95214,                0.92192,                0.86321,                0.92959,                0.77149,                0.83472,                0.54312,                 1.0251,             0.00020641,             0.00020641,             0.00020641
                     98,                0.48019,                0.38838,                0.95532,                0.91555,                0.85273,                0.93146,                0.76799,                0.82914,                0.56279,                 1.0325,             0.00020509,             0.00020509,             0.00020509
                     99,                0.48815,                0.38377,                0.96146,                0.92341,                0.86585,                0.93223,                0.77312,                0.81815,                0.53324,                 1.0162,             0.00020377,             0.00020377,             0.00020377
                    100,                0.47541,                0.37595,                0.95386,                0.93536,                0.86606,                0.92961,                0.77603,                0.78147,                0.51504,                0.99003,             0.00020245,             0.00020245,             0.00020245
                    101,                0.46946,                0.36545,                0.95358,                 0.9436,                0.85609,                0.93745,                0.77681,                0.81493,                0.53318,                 1.0149,             0.00020113,             0.00020113,             0.00020113
                    102,                 0.4752,                0.37164,                0.95101,                0.89828,                0.87525,                 0.9362,                0.77543,                 0.8381,                0.53633,                 1.0306,             0.00019981,             0.00019981,             0.00019981
                    103,                0.48419,                0.37462,                0.95411,                0.85987,                 0.8822,                0.94215,                0.78232,                0.81854,                0.56381,                 1.0293,             0.00019849,             0.00019849,             0.00019849
                    104,                  0.465,                0.35781,                0.95072,                0.91813,                0.88186,                0.94212,                0.78107,                0.80022,                0.54151,                 1.0098,             0.00019718,             0.00019718,             0.00019718
                    105,                0.47088,                0.36895,                0.95165,                0.94185,                0.84875,                0.94921,                0.79569,                0.77562,                  0.524,                0.99679,             0.00019586,             0.00019586,             0.00019586
                    106,                0.46399,                0.36846,                  0.945,                0.93857,                0.86891,                0.94116,                0.79052,                0.78195,                0.51508,                0.99349,             0.00019454,             0.00019454,             0.00019454
                    107,                0.47181,                0.37389,                0.95048,                 0.9461,                0.87425,                0.94583,                0.78219,                0.80327,                0.52118,                 1.0147,             0.00019322,             0.00019322,             0.00019322
                    108,                0.47137,                0.37117,                0.95201,                 0.9139,                0.86157,                0.93239,                0.77158,                0.82624,                0.58592,                 1.0222,              0.0001919,              0.0001919,              0.0001919
                    109,                 0.4737,                0.36642,                 0.9537,                0.92864,                0.85693,                0.94296,                0.78483,                0.78801,                 0.5397,                0.99866,             0.00019058,             0.00019058,             0.00019058
                    110,                0.47041,                0.36866,                 0.9514,                0.88099,                0.87592,                0.95152,                0.77624,                0.84566,                0.54388,                 1.0358,             0.00018926,             0.00018926,             0.00018926
                    111,                0.47207,                0.35738,                0.94388,                0.90852,                0.86807,                0.94536,                0.78863,                0.79473,                0.54743,                 1.0105,             0.00018795,             0.00018795,             0.00018795
                    112,                0.47091,                0.36527,                0.94846,                0.93415,                0.85527,                0.94685,                0.79141,                0.78211,                0.53076,                 1.0039,             0.00018663,             0.00018663,             0.00018663
                    113,                 0.4594,                0.35297,                0.94222,                0.94732,                0.85914,                0.94333,                0.79469,                0.77409,                0.52731,                0.99119,             0.00018531,             0.00018531,             0.00018531
                    114,                0.46362,                0.36602,                0.94664,                0.93449,                0.87792,                0.94996,                0.79254,                0.78871,                0.51374,                0.99807,             0.00018399,             0.00018399,             0.00018399
                    115,                0.46572,                0.37428,                0.94622,                 0.9335,                0.87128,                0.93897,                0.78189,                 0.7987,                0.55088,                 1.0138,             0.00018267,             0.00018267,             0.00018267
                    116,                 0.4689,                0.35818,                0.95039,                0.92032,                0.85433,                0.93596,                0.78309,                0.79369,                 0.5673,                 1.0017,             0.00018135,             0.00018135,             0.00018135
                    117,                0.46803,                0.37435,                0.94766,                0.91903,                0.86604,                0.94161,                0.78979,                0.78926,                 0.5702,                 1.0003,             0.00018003,             0.00018003,             0.00018003
                    118,                0.46022,                0.35099,                0.94399,                0.93171,                0.84317,                0.94274,                0.77861,                0.83152,                0.56156,                 1.0321,             0.00017871,             0.00017871,             0.00017871
                    119,                0.46918,                0.37456,                0.95224,                 0.9221,                0.84302,                 0.9384,                 0.7891,                0.78187,                 0.5803,                 1.0036,              0.0001774,              0.0001774,              0.0001774
                    120,                0.46598,                 0.3547,                0.94788,                0.93387,                0.85222,                0.93778,                 0.7776,                0.81136,                0.57617,                 1.0194,             0.00017608,             0.00017608,             0.00017608
                    121,                0.46039,                0.36173,                0.94804,                0.93462,                0.85185,                0.94532,                0.78828,                0.79565,                0.56207,                 1.0159,             0.00017476,             0.00017476,             0.00017476
                    122,                0.47262,                0.35493,                0.94793,                0.93247,                0.87212,                0.94133,                0.78561,                0.77506,                0.56049,                0.99899,             0.00017344,             0.00017344,             0.00017344
                    123,                 0.4646,                 0.3573,                 0.9464,                0.91016,                0.86303,                0.93821,                0.78884,                0.77432,                0.55933,                0.99871,             0.00017212,             0.00017212,             0.00017212
                    124,                0.46165,                0.34825,                0.94844,                0.91573,                0.86957,                0.94116,                0.78419,                0.80149,                0.56084,                 1.0165,              0.0001708,              0.0001708,              0.0001708
                    125,                  0.459,                0.35927,                0.94982,                0.93245,                0.87186,                 0.9418,                0.78505,                0.80339,                0.54713,                  1.014,             0.00016948,             0.00016948,             0.00016948
                    126,                0.45257,                0.36121,                0.94468,                0.93204,                0.87819,                0.93967,                0.77852,                0.81565,                0.54513,                 1.0144,             0.00016817,             0.00016817,             0.00016817
                    127,                 0.4574,                0.34871,                0.94253,                0.92824,                0.87073,                0.92926,                0.78223,                0.78804,                0.56053,                 1.0083,             0.00016685,             0.00016685,             0.00016685
                    128,                 0.4494,                0.33915,                0.94126,                0.93241,                 0.8607,                0.93718,                0.78238,                0.79456,                0.53818,                  1.013,             0.00016553,             0.00016553,             0.00016553
                    129,                0.46002,                 0.3631,                0.94279,                0.94455,                 0.8671,                0.94086,                0.78371,                0.77636,                0.50861,                0.99656,             0.00016421,             0.00016421,             0.00016421
                    130,                0.45682,                0.34889,                0.94187,                0.93814,                0.86845,                0.93884,                0.78565,                0.76988,                0.51026,                0.99537,             0.00016289,             0.00016289,             0.00016289
                    131,                0.45945,                0.35401,                 0.9467,                0.93143,                 0.8779,                0.95016,                0.79144,                0.78228,                0.52106,                 1.0023,             0.00016157,             0.00016157,             0.00016157
                    132,                0.45095,                0.34211,                0.94149,                 0.9465,                0.87226,                0.94642,                0.78482,                0.80055,                0.53031,                 1.0063,             0.00016025,             0.00016025,             0.00016025
                    133,                 0.4662,                 0.3589,                0.95327,                 0.9422,                0.86635,                0.95771,                0.80557,                0.76616,                0.48838,                0.98558,             0.00015893,             0.00015893,             0.00015893
                    134,                0.45028,                0.34455,                 0.9399,                0.93242,                0.87378,                0.95112,                0.79472,                0.78943,                 0.5167,                 1.0019,             0.00015762,             0.00015762,             0.00015762
                    135,                0.46321,                0.35465,                0.94455,                0.93631,                0.85841,                0.94877,                 0.7887,                0.78126,                0.53487,                0.99651,              0.0001563,              0.0001563,              0.0001563
                    136,                0.45938,                0.35835,                0.94379,                0.93499,                 0.8689,                0.94708,                0.78734,                0.79725,                0.54516,                 1.0084,             0.00015498,             0.00015498,             0.00015498
                    137,                0.45137,                0.33842,                0.94225,                 0.9176,                0.88536,                0.94664,                0.77844,                0.82929,                0.52708,                  1.037,             0.00015366,             0.00015366,             0.00015366
                    138,                0.45132,                0.32946,                0.94153,                0.92025,                0.87476,                0.94796,                0.78445,                0.80704,                0.50872,                 1.0239,             0.00015234,             0.00015234,             0.00015234
                    139,                0.45917,                0.34839,                0.94221,                0.92231,                0.87957,                0.94508,                0.79081,                0.79845,                0.53028,                 1.0194,             0.00015102,             0.00015102,             0.00015102
                    140,                0.45427,                0.34486,                0.93876,                0.92345,                0.86563,                0.94436,                0.78245,                0.82227,                0.53338,                 1.0362,              0.0001497,              0.0001497,              0.0001497
                    141,                0.45176,                0.34968,                0.94195,                0.91469,                0.87882,                0.94714,                0.77635,                0.82393,                0.57058,                 1.0284,             0.00014838,             0.00014838,             0.00014838
                    142,                0.45108,                 0.3424,                0.94042,                0.91732,                0.85819,                0.94585,                0.78062,                0.83313,                0.56779,                 1.0303,             0.00014707,             0.00014707,             0.00014707
                    143,                0.45131,                0.33231,                0.93101,                0.91544,                0.87626,                0.94485,                0.78975,                0.80492,                0.54273,                 1.0134,             0.00014575,             0.00014575,             0.00014575
                    144,                0.44408,                0.34238,                0.93461,                0.90561,                 0.8764,                0.93749,                0.77722,                0.78325,                0.56081,                 1.0028,             0.00014443,             0.00014443,             0.00014443
                    145,                 0.4539,                0.34159,                  0.946,                0.90842,                0.89144,                0.94148,                0.78618,                0.76631,                 0.5521,                0.99185,             0.00014311,             0.00014311,             0.00014311
                    146,                0.44529,                0.33651,                0.93879,                0.93474,                0.89218,                0.94096,                0.77978,                0.81038,                0.51748,                 1.0272,             0.00014179,             0.00014179,             0.00014179
                    147,                0.44211,                0.34052,                0.94326,                0.92959,                0.85097,                0.93541,                0.78709,                0.76976,                0.54967,                  1.003,             0.00014047,             0.00014047,             0.00014047
                    148,                 0.4443,                0.34249,                0.94365,                 0.9312,                0.85523,                0.93498,                0.78289,                0.76635,                0.54667,                 0.9989,             0.00013915,             0.00013915,             0.00013915
                    149,                 0.4459,                0.33333,                0.94053,                0.93973,                0.86378,                0.93179,                0.77882,                0.78366,                0.54157,                 1.0051,             0.00013784,             0.00013784,             0.00013784
                    150,                0.44253,                0.33654,                0.93799,                0.93523,                0.86431,                0.93877,                0.78018,                0.80075,                0.55185,                 1.0151,             0.00013652,             0.00013652,             0.00013652
                    151,                0.45402,                0.34002,                0.94648,                0.90894,                0.86818,                0.93067,                0.77338,                0.79899,                0.55616,                 1.0115,              0.0001352,              0.0001352,              0.0001352
                    152,                0.43795,                0.33063,                0.94014,                0.90799,                0.87994,                0.93073,                0.77502,                  0.786,                0.56248,                 1.0067,             0.00013388,             0.00013388,             0.00013388
                    153,                0.44427,                0.33616,                0.94218,                0.92061,                0.87298,                0.92736,                0.77281,                0.79464,                0.56078,                 1.0158,             0.00013256,             0.00013256,             0.00013256
                    154,                0.43846,                 0.3282,                 0.9323,                0.90906,                0.87688,                0.92652,                0.77815,                0.77882,                0.57015,                0.99913,             0.00013124,             0.00013124,             0.00013124
                    155,                0.44219,                0.34305,                0.93616,                0.90805,                0.88483,                0.92923,                0.77091,                0.78373,                0.57557,                 1.0102,             0.00012992,             0.00012992,             0.00012992
                    156,                0.43996,                0.33386,                0.93917,                0.89993,                0.89196,                0.93417,                 0.7802,                0.77365,                0.56841,                 1.0042,              0.0001286,              0.0001286,              0.0001286
                    157,                0.44049,                0.33029,                0.93742,                0.90394,                0.87669,                0.93856,                0.77388,                0.79232,                0.56224,                 1.0139,             0.00012729,             0.00012729,             0.00012729
                    158,                0.44245,                 0.3356,                0.93732,                0.91665,                0.87388,                0.92768,                0.77304,                0.77377,                0.54856,                0.99907,             0.00012597,             0.00012597,             0.00012597
                    159,                0.43607,                 0.3229,                0.93169,                0.91547,                0.87504,                0.92341,                0.77595,                0.76881,                0.54599,                0.99921,             0.00012465,             0.00012465,             0.00012465
                    160,                0.42987,                0.31646,                0.93696,                 0.8945,                0.87327,                0.91585,                0.76323,                0.79995,                 0.5772,                 1.0133,             0.00012333,             0.00012333,             0.00012333
                    161,                0.43034,                0.32035,                0.93183,                0.90201,                0.84571,                0.91917,                0.77059,                0.77665,                0.58677,                  1.009,             0.00012201,             0.00012201,             0.00012201
                    162,                0.44499,                0.33415,                0.93782,                0.91532,                0.86195,                0.92754,                0.77568,                 0.7811,                0.56115,                 1.0126,             0.00012069,             0.00012069,             0.00012069
                    163,                0.44598,                 0.3306,                0.94387,                0.92351,                0.85664,                0.92787,                0.78209,                0.77087,                0.55821,                 1.0041,             0.00011937,             0.00011937,             0.00011937
                    164,                0.43672,                0.32869,                0.93691,                0.90341,                0.87065,                 0.9439,                0.79013,                 0.7736,                0.54478,                 1.0051,             0.00011806,             0.00011806,             0.00011806
                    165,                0.44305,                0.33183,                 0.9356,                 0.9324,                0.82776,                0.93385,                0.78361,                0.77415,                0.57984,                  1.009,             0.00011674,             0.00011674,             0.00011674
                    166,                0.43759,                  0.328,                0.93151,                0.90459,                0.86479,                0.94225,                0.78519,                0.77922,                 0.5682,                 1.0213,             0.00011542,             0.00011542,             0.00011542
                    167,                0.43187,                0.33297,                 0.9321,                0.91702,                0.85187,                0.92663,                0.77168,                0.78173,                 0.5742,                 1.0207,              0.0001141,              0.0001141,              0.0001141
                    168,                0.43377,                0.33379,                0.93416,                0.91704,                0.85053,                0.93103,                0.77263,                0.77341,                0.57459,                 1.0074,             0.00011278,             0.00011278,             0.00011278
                    169,                0.42762,                0.32619,                0.92841,                0.92381,                0.84238,                0.93619,                0.77996,                0.77701,                0.57109,                   1.01,             0.00011146,             0.00011146,             0.00011146
                    170,                0.43449,                0.32534,                0.93091,                0.91369,                0.85124,                 0.9449,                0.78532,                0.78845,                0.56012,                  1.013,             0.00011014,             0.00011014,             0.00011014
                    171,                0.43912,                0.33021,                 0.9357,                0.92583,                0.85841,                0.94798,                0.78804,                0.77843,                0.52512,                 1.0104,             0.00010882,             0.00010882,             0.00010882
                    172,                0.43556,                0.32917,                0.93582,                0.91767,                0.86006,                0.94524,                0.79008,                0.76119,                0.51344,                0.99406,             0.00010751,             0.00010751,             0.00010751
                    173,                   0.44,                0.33469,                0.93702,                0.93414,                 0.8546,                0.93895,                0.78625,                 0.7641,                0.51661,                0.99504,             0.00010619,             0.00010619,             0.00010619
                    174,                0.43668,                 0.3222,                0.93646,                 0.9258,                0.85636,                0.94116,                0.78496,                0.77567,                0.52742,                 1.0063,             0.00010487,             0.00010487,             0.00010487
                    175,                0.43394,                 0.3227,                0.93038,                0.93515,                0.83905,                0.93569,                0.78471,                0.77665,                0.54394,                 1.0108,             0.00010355,             0.00010355,             0.00010355
                    176,                0.43423,                0.31889,                0.93224,                 0.9193,                0.85527,                0.93633,                0.78492,                0.77627,                0.57144,                 1.0079,             0.00010223,             0.00010223,             0.00010223
                    177,                0.43398,                0.33523,                0.93512,                0.90945,                0.85573,                 0.9338,                0.77976,                0.79261,                0.55485,                 1.0151,             0.00010091,             0.00010091,             0.00010091
                    178,                0.41813,                 0.3237,                0.93101,                0.90722,                0.84265,                0.93713,                0.78534,                0.77828,                0.55436,                 1.0033,             9.9594e-05,             9.9594e-05,             9.9594e-05
                    179,                0.43971,                0.32456,                 0.9374,                0.90289,                0.84546,                0.93912,                0.78385,                0.79111,                0.55895,                 1.0118,             9.8275e-05,             9.8275e-05,             9.8275e-05
                    180,                0.44288,                0.32963,                0.94087,                0.88782,                0.86373,                0.93645,                0.78164,                  0.787,                0.55141,                  1.017,             9.6956e-05,             9.6956e-05,             9.6956e-05
                    181,                0.42582,                0.31474,                0.92957,                0.91748,                0.83818,                0.94248,                0.78944,                0.78892,                0.55672,                 1.0129,             9.5638e-05,             9.5638e-05,             9.5638e-05
                    182,                0.42785,                0.30794,                0.93064,                0.92119,                0.84067,                0.94233,                0.78532,                0.80675,                  0.547,                 1.0208,             9.4319e-05,             9.4319e-05,             9.4319e-05
                    183,                0.42702,                0.31505,                0.93648,                0.89527,                0.86165,                0.93628,                0.78881,                0.75231,                0.54101,                 0.9929,                9.3e-05,                9.3e-05,                9.3e-05
                    184,                0.43571,                0.33143,                0.93886,                0.91424,                 0.8615,                0.93583,                0.78552,                0.75975,                0.52878,                0.99454,             9.1682e-05,             9.1682e-05,             9.1682e-05
                    185,                0.43037,                0.31429,                0.93603,                0.90361,                0.86543,                0.93733,                 0.7826,                0.78123,                0.54085,                 1.0098,             9.0363e-05,             9.0363e-05,             9.0363e-05
                    186,                0.43034,                0.31901,                0.92963,                0.92366,                0.83101,                0.93682,                0.78107,                 0.7833,                0.55334,                 1.0116,             8.9044e-05,             8.9044e-05,             8.9044e-05
                    187,                0.42518,                 0.3173,                0.93312,                0.86261,                0.87775,                 0.9318,                0.78094,                0.76816,                0.56593,                 1.0028,             8.7726e-05,             8.7726e-05,             8.7726e-05
                    188,                0.43176,                0.32309,                0.93611,                0.93222,                 0.8314,                0.93362,                0.78102,                0.77172,                0.55431,                 1.0013,             8.6407e-05,             8.6407e-05,             8.6407e-05
                    189,                0.42418,                0.30992,                0.92885,                0.92169,                0.84586,                0.93772,                0.78876,                0.77111,                0.54753,                 1.0056,             8.5088e-05,             8.5088e-05,             8.5088e-05
                    190,                0.41626,                0.31246,                0.92376,                0.91652,                0.85498,                0.92951,                0.78173,                0.76709,                0.56102,                 1.0023,             8.3769e-05,             8.3769e-05,             8.3769e-05
                    191,                0.43047,                 0.3281,                0.94051,                0.91756,                0.85904,                0.93094,                0.77918,                0.79146,                 0.5626,                 1.0169,             8.2451e-05,             8.2451e-05,             8.2451e-05
                    192,                0.41853,                0.30804,                0.92962,                0.90151,                0.85163,                0.94097,                0.79324,                0.76615,                0.55802,                 1.0037,             8.1132e-05,             8.1132e-05,             8.1132e-05
                    193,                0.42691,                0.31563,                0.92931,                0.90425,                0.84979,                 0.9328,                0.78544,                0.76237,                0.58633,                 1.0021,             7.9813e-05,             7.9813e-05,             7.9813e-05
                    194,                0.42673,                0.31017,                0.93454,                0.91816,                0.83941,                0.93161,                0.78546,                0.77636,                0.58409,                  1.009,             7.8495e-05,             7.8495e-05,             7.8495e-05
                    195,                0.43237,                0.32281,                0.93336,                0.92751,                0.84692,                0.94053,                0.78833,                0.77934,                0.56297,                 1.0122,             7.7176e-05,             7.7176e-05,             7.7176e-05
                    196,                0.42184,                0.30846,                0.92675,                0.93277,                0.85627,                0.93864,                 0.7854,                0.77881,                0.53817,                 1.0125,             7.5857e-05,             7.5857e-05,             7.5857e-05
                    197,                0.42243,                0.31295,                0.93774,                0.92545,                0.85597,                0.94182,                0.78847,                0.78309,                0.54168,                  1.016,             7.4539e-05,             7.4539e-05,             7.4539e-05
                    198,                0.41961,                0.31066,                0.93443,                0.92403,                 0.8563,                0.93792,                0.78795,                0.77135,                0.54637,                 1.0047,              7.322e-05,              7.322e-05,              7.322e-05
                    199,                0.42039,                0.31262,                0.93105,                0.92536,                0.85929,                0.93667,                0.78461,                0.77732,                0.54969,                 1.0064,             7.1901e-05,             7.1901e-05,             7.1901e-05
                    200,                0.42535,                0.30823,                 0.9325,                0.92059,                0.85367,                0.93431,                0.78661,                0.75978,                0.55274,                 1.0002,             7.0583e-05,             7.0583e-05,             7.0583e-05
                    201,                0.42429,                0.32168,                0.92971,                0.91812,                0.85397,                0.93563,                0.78158,                0.77191,                 0.5728,                 1.0084,             6.9264e-05,             6.9264e-05,             6.9264e-05
                    202,                0.42509,                0.31717,                0.93255,                0.93032,                0.84688,                0.93506,                 0.7801,                0.77614,                0.56091,                 1.0109,             6.7945e-05,             6.7945e-05,             6.7945e-05
                    203,                0.42207,                0.31022,                  0.934,                0.92331,                0.84396,                0.93458,                0.78383,                0.77244,                0.55299,                 1.0062,             6.6627e-05,             6.6627e-05,             6.6627e-05
                    204,                 0.4124,                0.29829,                0.93023,                0.92034,                0.84688,                0.93838,                0.78022,                0.78545,                 0.5565,                   1.01,             6.5308e-05,             6.5308e-05,             6.5308e-05
                    205,                0.42346,                0.31224,                0.93208,                0.91919,                0.85334,                0.93639,                0.77458,                0.79051,                0.54967,                 1.0137,             6.3989e-05,             6.3989e-05,             6.3989e-05
                    206,                0.41244,                0.30198,                0.92884,                0.90042,                0.87181,                0.94224,                0.78149,                0.79891,                0.54402,                 1.0195,             6.2671e-05,             6.2671e-05,             6.2671e-05
                    207,                0.41068,                0.31155,                0.92399,                0.91733,                0.87111,                0.93586,                0.77821,                0.78231,                0.54917,                  1.009,             6.1352e-05,             6.1352e-05,             6.1352e-05
                    208,                0.42419,                0.31871,                0.93503,                0.90609,                0.88613,                0.94351,                0.78407,                0.78101,                0.53082,                 1.0109,             6.0033e-05,             6.0033e-05,             6.0033e-05
                    209,                0.42559,                0.31219,                0.93427,                0.91926,                0.86551,                0.94472,                 0.7886,                0.78392,                0.53256,                 1.0117,             5.8715e-05,             5.8715e-05,             5.8715e-05
                    210,                0.42214,                0.30785,                0.93001,                0.91369,                0.87426,                0.94417,                0.78686,                0.79156,                0.53176,                 1.0191,             5.7396e-05,             5.7396e-05,             5.7396e-05
                    211,                0.41085,                0.29708,                0.92865,                0.90328,                0.87711,                0.94408,                0.78688,                0.79306,                0.53748,                 1.0228,             5.6077e-05,             5.6077e-05,             5.6077e-05
                    212,                 0.4245,                0.31324,                0.93239,                 0.9004,                0.87989,                 0.9421,                0.78613,                0.79637,                0.53878,                 1.0231,             5.4759e-05,             5.4759e-05,             5.4759e-05
                    213,                0.40877,                0.29942,                0.92922,                 0.9206,                0.86701,                0.94169,                0.78582,                0.78436,                0.52594,                 1.0119,              5.344e-05,              5.344e-05,              5.344e-05
                    214,                0.41311,                 0.3068,                0.92591,                0.92821,                0.86349,                0.93387,                0.78023,                0.77698,                0.52498,                 1.0094,             5.2121e-05,             5.2121e-05,             5.2121e-05
                    215,                0.41184,                 0.3066,                0.92952,                0.92779,                0.86252,                0.93521,                0.78254,                0.77172,                0.52984,                 1.0087,             5.0802e-05,             5.0802e-05,             5.0802e-05
                    216,                 0.4146,                0.29999,                0.92535,                 0.9246,                0.86032,                 0.9344,                 0.7828,                0.78107,                0.53205,                 1.0159,             4.9484e-05,             4.9484e-05,             4.9484e-05
                    217,                0.40734,                0.29532,                0.92888,                0.91997,                0.86473,                0.92908,                0.77917,                0.78232,                0.53973,                 1.0149,             4.8165e-05,             4.8165e-05,             4.8165e-05
                    218,                0.41007,                0.30136,                0.92908,                0.92495,                0.86153,                0.93573,                0.78767,                 0.7757,                0.54171,                 1.0114,             4.6846e-05,             4.6846e-05,             4.6846e-05
                    219,                0.42175,                0.30909,                0.93257,                0.92234,                0.85752,                0.93697,                0.78693,                0.77764,                0.54429,                 1.0109,             4.5528e-05,             4.5528e-05,             4.5528e-05
                    220,                0.42072,                0.30253,                0.92932,                0.92236,                0.85588,                0.93728,                0.79244,                0.75841,                0.53764,                0.99963,             4.4209e-05,             4.4209e-05,             4.4209e-05
                    221,                0.41361,                0.30409,                0.92341,                0.91987,                0.85075,                0.93613,                0.78822,                0.77607,                0.54781,                 1.0126,              4.289e-05,              4.289e-05,              4.289e-05
                    222,                0.42212,                0.30606,                0.93137,                0.91156,                0.85109,                0.93287,                0.78603,                0.77182,                 0.5602,                 1.0085,             4.1572e-05,             4.1572e-05,             4.1572e-05
                    223,                0.40853,                0.29783,                0.92417,                 0.8795,                0.87702,                0.93536,                0.79194,                0.76089,                 0.5637,                 1.0019,             4.0253e-05,             4.0253e-05,             4.0253e-05
                    224,                0.40586,                0.29203,                0.92486,                0.89995,                0.87056,                0.93819,                0.78992,                0.78169,                0.55869,                 1.0174,             3.8934e-05,             3.8934e-05,             3.8934e-05
                    225,                0.41027,                0.29542,                0.92215,                   0.91,                0.86358,                0.93792,                0.79073,                0.77533,                0.55192,                 1.0131,             3.7616e-05,             3.7616e-05,             3.7616e-05
                    226,                0.41985,                0.30286,                0.92853,                0.90912,                0.86481,                0.94014,                0.79503,                0.76914,                0.54203,                 1.0089,             3.6297e-05,             3.6297e-05,             3.6297e-05
                    227,                0.41207,                0.30049,                0.92481,                0.90255,                0.87082,                 0.9376,                0.79169,                0.77494,                0.54857,                 1.0124,             3.4978e-05,             3.4978e-05,             3.4978e-05
                    228,                0.41421,                0.30042,                0.93285,                 0.9053,                0.86128,                0.93947,                0.79101,                0.76779,                0.55089,                  1.009,              3.366e-05,              3.366e-05,              3.366e-05
                    229,                0.40309,                0.30349,                0.92957,                0.90604,                0.86467,                0.94184,                0.79207,                0.77709,                0.55605,                 1.0155,             3.2341e-05,             3.2341e-05,             3.2341e-05
                    230,                0.40848,                0.30079,                0.92524,                 0.9112,                0.86434,                0.94082,                0.79561,                0.76664,                0.55066,                 1.0067,             3.1022e-05,             3.1022e-05,             3.1022e-05
                    231,                0.41014,                0.30229,                0.92947,                0.91732,                0.86034,                0.94044,                0.79556,                0.77231,                 0.5562,                  1.011,             2.9704e-05,             2.9704e-05,             2.9704e-05
                    232,                0.40576,                 0.3023,                0.92689,                0.92222,                  0.859,                0.94155,                0.79521,                0.77387,                0.54844,                  1.013,             2.8385e-05,             2.8385e-05,             2.8385e-05
                    233,                0.41816,                0.30931,                0.92895,                0.92466,                0.85943,                0.94248,                0.79251,                0.78057,                0.54827,                 1.0173,             2.7066e-05,             2.7066e-05,             2.7066e-05
